<?xml version="1.0" encoding="utf-8"?>
<extension version="2.5" type="plugin" group="system" method="upgrade">
	<name>System - jForms Framework</name>
	<author>Adam Bouqdib</author>
	<creationDate>October 2013</creationDate>
	<copyright>Copyright (C)2013. All rights reserved.</copyright>
	<license>http://www.gnu.org/licenses/gpl-2.0.html GNU/GPL</license>
	<authorEmail>adam@abemedia.co.uk</authorEmail>
	<authorUrl>www.abemedia.co.uk</authorUrl>
	<version>1.1</version>
	<description>Necessary for using jForms plugins.</description>
	<files>
		<filename plugin="jforms">jforms.php</filename>
		<filename>index.html</filename>
	</files>
</extension>